{
    "s0":  [[-1.000000,-1.000000,-1.000000,-1.000000,-1.000000,-1.000000,-1.000000,-1.000000,-1.000000],[-1.000000,-1.000000,-1.000000,-1.000000,-1.000000,11.000000,11.000000,11.000000,-1.000000],[-1.000000,-1.000000,-1.000000,11.000000,11.000000,11.000000,11.000000,11.000000,11.000000],[11.000000,11.000000,11.000000,11.000000,11.000000,11.000000,11.000000,11.000000,11.000000],[11.000000,11.000000,11.000000,11.000000,11.000000,11.000000,11.000000,11.000000,11.000000],[11.000000,11.000000,11.000000,11.000000,11.000000,11.000000,11.000000,11.000000,11.000000],[11.000000,11.000000,11.000000,11.000000,11.000000,11.000000,11.000000,11.000000,11.000000],[11.000000,11.000000,11.000000,11.000000,11.000000,11.000000,11.000000,11.000000,11.000000],[-1.000000,11.000000,11.000000,11.000000,11.000000,11.000000,11.000000,11.000000,11.000000],[-1.000000,-1.000000,-1.000000,11.000000,11.000000,11.000000,11.000000,11.000000,11.000000],[-1.000000,-1.000000,-1.000000,-1.000000,-1.000000,-1.000000,11.000000,11.000000,-1.000000]],
    "s70":  [[-1.000000,-1.000000,-1.000000,-1.000000,-1.000000,-1.000000,-1.000000,-1.000000,-1.000000],[-1.000000,-1.000000,-1.000000,-1.000000,-1.000000,-1.000000,-1.000000,-1.000000,-1.000000],[-1.000000,15.000000,15.000000,15.000000,15.000000,15.000000,15.000000,-1.000000,-1.000000],[15.000000,15.000000,15.000000,15.000000,15.000000,15.000000,15.000000,15.000000,-1.000000],[15.000000,15.000000,15.000000,15.000000,15.000000,15.000000,15.000000,15.000000,-1.000000],[15.000000,15.000000,15.000000,15.000000,15.000000,15.000000,15.000000,15.000000,15.000000],[15.000000,15.000000,15.000000,15.000000,15.000000,15.000000,15.000000,15.000000,15.000000],[15.000000,15.000000,15.000000,15.000000,15.000000,15.000000,15.000000,15.000000,15.000000],[-1.000000,15.000000,15.000000,15.000000,15.000000,15.000000,15.000000,15.000000,15.000000],[-1.000000,-1.000000,-1.000000,-1.000000,-1.000000,15.000000,15.000000,15.000000,15.000000],[-1.000000,-1.000000,-1.000000,-1.000000,-1.000000,15.000000,15.000000,15.000000,15.000000]],
    "s140":  [[-1.000000,-1.000000,-1.000000,-1.000000,-1.000000,-1.000000,-1.000000,-1.000000,-1.000000],[-1.000000,-1.000000,-1.000000,-1.000000,-1.000000,-1.000000,-1.000000,-1.000000,-1.000000],[-1.000000,-1.000000,4.000000,4.000000,4.000000,4.000000,4.000000,-1.000000,-1.000000],[4.000000,4.000000,4.000000,4.000000,4.000000,4.000000,4.000000,4.000000,-1.000000],[4.000000,4.000000,4.000000,4.000000,4.000000,4.000000,4.000000,4.000000,4.000000],[4.000000,4.000000,4.000000,4.000000,4.000000,4.000000,4.000000,4.000000,4.000000],[4.000000,4.000000,4.000000,4.000000,4.000000,4.000000,4.000000,4.000000,4.000000],[4.000000,4.000000,4.000000,4.000000,4.000000,4.000000,4.000000,4.000000,4.000000],[4.000000,4.000000,4.000000,4.000000,4.000000,4.000000,4.000000,4.000000,4.000000],[-1.000000,-1.000000,-1.000000,-1.000000,4.000000,4.000000,4.000000,4.000000,4.000000],[-1.000000,-1.000000,-1.000000,-1.000000,-1.000000,4.000000,4.000000,4.000000,4.000000]],
    "s210":  [[-1.000000,-1.000000,-1.000000,-1.000000,-1.000000,-1.000000,10.000000,10.000000,-1.000000],[-1.000000,-1.000000,-1.000000,-1.000000,-1.000000,10.000000,10.000000,10.000000,10.000000],[-1.000000,-1.000000,-1.000000,10.000000,10.000000,10.000000,10.000000,10.000000,10.000000],[-1.000000,10.000000,10.000000,10.000000,10.000000,10.000000,10.000000,10.000000,10.000000],[10.000000,10.000000,10.000000,10.000000,10.000000,10.000000,10.000000,10.000000,10.000000],[10.000000,10.000000,10.000000,10.000000,10.000000,10.000000,10.000000,10.000000,10.000000],[10.000000,10.000000,10.000000,10.000000,10.000000,10.000000,10.000000,10.000000,10.000000],[10.000000,10.000000,10.000000,10.000000,10.000000,10.000000,10.000000,10.000000,10.000000],[10.000000,10.000000,10.000000,10.000000,10.000000,10.000000,10.000000,10.000000,10.000000],[-1.000000,-1.000000,10.000000,10.000000,10.000000,10.000000,10.000000,10.000000,-1.000000],[-1.000000,-1.000000,-1.000000,-1.000000,-1.000000,-1.000000,-1.000000,-1.000000,-1.000000]],
    "s280":  [[-1.000000,-1.000000,-1.000000,-1.000000,-1.000000,-1.000000,-1.000000,-1.000000,-1.000000],[-1.000000,-1.000000,-1.000000,-1.000000,-1.000000,-1.000000,-1.000000,11.000000,11.000000],[-1.000000,-1.000000,-1.000000,-1.000000,-1.000000,11.000000,11.000000,11.000000,11.000000],[-1.000000,11.000000,11.000000,11.000000,11.000000,11.000000,11.000000,11.000000,11.000000],[11.000000,11.000000,11.000000,11.000000,11.000000,11.000000,11.000000,11.000000,11.000000],[11.000000,11.000000,11.000000,11.000000,11.000000,11.000000,11.000000,11.000000,11.000000],[11.000000,11.000000,11.000000,11.000000,11.000000,11.000000,11.000000,11.000000,11.000000],[11.000000,11.000000,11.000000,11.000000,11.000000,11.000000,11.000000,11.000000,-1.000000],[11.000000,11.000000,11.000000,11.000000,11.000000,11.000000,11.000000,11.000000,-1.000000],[-1.000000,11.000000,11.000000,11.000000,11.000000,11.000000,11.000000,-1.000000,-1.000000],[-1.000000,-1.000000,-1.000000,-1.000000,-1.000000,-1.000000,-1.000000,-1.000000,-1.000000]]
}
    